Virtue,Vice,Need,Means,Persist,Ought,IPAdj,IndAdj,RCEthic,RspTot,SklOth,Class_related
ABILITY,ABJECT,CONCERN,ABSORB,ACCUSTOM,DEFERENCE,ABJECT,ABOMINABLE,ADHERE,ABUSE,ADEPT,BACKGROUND
ABLE,ABNORMAL,COVET,ACCESS,ALWAYS,DESERVEDLY,ABRASIVE,ABSENT,ADHERENCE,ACKNOWLEDGMENT,APPARATUS,BEGINNINGS
ABSOLUTE,ABOMINABLE,CRAVE,ACCORD,CONSOLIDATE,ETIQUETTE,ACCESSIBLE,ABSENT-MINDED,APPALL,ADMIRAL,APPLY,BENEATH
ACCEPTABLE,ABRASIVE,CURIOSITY,ADVANCE,CONSTANT,FORMALITY,ACCURSED,ABSORBENT,BETRAY,ADMIRATION,ARDUOUS,BIRTH
ACCESSIBLE,ABSENTEE,CURIOUS,ALONG,CONTINUAL,IMPERATIVE,ACRIMONIOUS,ACCOUNTABLE,BETRAYAL,ADMIRE,ART,BORGEOIS
ACCLAIM,ABSURD,DECADENCE,ALONGSIDE,CONTINUE,MORALISTIC,ADMIRABLE,ADAMANT,BETTER,ADMISSION,BAKE,BORGEOISIE
ACCLAMATION,ABSURDITY,DECADENT,ALTERNATE,CONTINUITY,MUST,ADVISABLE,ADAPTABLE,BOARD,ADMIT,BALL,CLASS
ACCOLADE,ABUSE,DEDICATE,APPLY,CONTINUOUS,OUGHT,AFFABLE,ADAPTIVE,BOUND,AGE,BEAR,CLASSISM
ACCOMMODATION,ACCURSED,DESIRE,APPRAISAL,DEADLOCK,PIETY,AGHAST,ADHERENT,BRAVE,AIR,BLUNDER,CLASSLESS
ACCURACY,ACRIMONY,DESIROUS,APPROACH,DELAY,POLITENESS,ALLOWABLE,ADHESIVE,BRAVERY,ALMIGHTY,BORE,STRUGGLE
ACCURATE,ADULTERATION,ENGAGE,ASCERTAINMENT,ELAPSE,PROPRIETY,ALOOF,ADJUSTABLE,BROKE,ANCESTOR,BOX,COMMON
ACCURATENESS,ADULTERY,ENVIOUS,ASSESSMENT,ENDURANCE,PRUDENCE,ALTRUISTIC,ADORABLE,CAUSE,ANXIOUS,BRIDGE,EGALITARIAN
ACCUSTOM,ADVERSE,ENVY,ATTEMPT,ENDURE,PRUDENT,AMIABLE,ADROIT,CENSORSHIP,APOLOGIZE,BUILD,GENTEEL
ACTUAL,ADVERSITY,FANATIC,BALANCE,EQUILIBRIUM,RESPECTFUL,AMICABLE,ADVENTURESOME,CHARACTER,APOLOGY,CALL,HIERARCHICAL
ACTUALITY,AFFECTATION,FANATICAL,BOOKKEEPING,ETERNAL,REVERE,ANOMALOUS,ADVENTUROUS,CHEAT,APPLAUSE,CAREER,HIERARCHY
ADAPTABILITY,AFFLICTION,FASCINATION,BOUND,EVER,REVERENCE,ANTI-SOCIAL,AFFLUENT,CLEAN,APPRECIATE,CEMENT,SNOBBERY
ADAPTABLE,AGGRAVATION,FORWARD,BUDGET,FAST,REVERENT,ANTIQUATED,AFLOAT,COMMITMENT,APPRECIATION,CHARM,MERITOCRACY
ADAPTATION,AGGRESSION,HEDONISTIC,BUILD,FOREVER,REVERENTLY,APOLOGETIC,AGILE,CONFESS,APPROPRIATE,CLEVER,POPULIST
ADAPTIVE,AGGRESSIVENESS,HELP,BY,GONE,RIGHTEOUS,APPRECIATIVE,AIMLESS,CONFESSION,APPROVAL,COMPETENCE,SNOB
ADEPT,AGHAST,HOPE,CALCULATE,GRADUAL,RIGHTEOUSNESS,APPREHENSIVE,ALARMING,CONSCIENCE,APPROVE,COMPETENT,SOCIALLY
ADEPTNESS,AGITATION,HOPEFUL,CAPABILITY,HABITUAL,RIGHTFUL,AUTHORITATIVE,ALIGHT,CORRUPT,ASHAMED,COMPOSE,SOCIETY
ADEQUATE,ALARMING,IMPATIENT,CAPACITY,INCESSANT,SCRUPLES,AUTOCRATIC,ALMIGHTY,CORRUPTION,ASSAIL,CONSTRUCT,SOLIDLY
ADJUST,ALIENATION,IMPLORE,CAREER,INEVITABILITY,SCRUPULOUS,AUTONOMOUS,AMAZING,CRIMINAL,AVERAGE,CONSTRUCTION,STRATIFIED
ADJUSTMENT,AMISS,INCLINATION,CASEWORK,INEVITABLE,,AVARICIOUS,AMENABLE,DECENCY,AWAIT,CRUDE,STRATIFICATION
ADMIRABLE,ANIMOSITY,INCLINE,CHALLENGE,INVARIABLE,,BASHFUL,ANGELIC,DELINQUENCY,BALL,CUT,ACCENT
ADMIRATION,ANNIHILATION,INTEND,CHARGE,INVARIABLY,,BENEFICENT,ANTITRUST,DELINQUENT,BANQUET,DEMAND,PROPER
ADORABLE,ANTI-SOCIAL,INTENT,CHECK,KEEP,,BENEVOLENT,APATHETIC,DEPLORABLE,BASTARD,DIFFICULT,WORKING
ADORNMENT,ANTIPATHY,INTEREST,CHORE,LAST,,BLOODTHIRSTY,ARDENT,DEPLORE,BEAR,DIFFICULTY,LOWER
ADROIT,APATHY,INTERESTED,COMPEL,LEAD,,BLUNT,ARDUOUS,DESERT,BEG,DILIGENCE,UPPER
ADROITLY,APPALL,IRRESISTIBLE,COMPETITION,MAINTAIN,,BROKEN-HEARTED,ARISEN,DESERVE,BELITTLE,DILIGENT,MIDLLE
ADULT,ARBITRARY,LACK,COMPULSION,PASS,,BROTHERLY,ARISTOCRATIC,DING,BERATE,DUMB,CASTE
ADVANCE,ARDUOUS,LUST,CONDITION,PERMANENT,,BRUSQUE,ASTUTE,DIRTY,BETTER,EFFECTIVE,ARISTOCRACY
ADVANTAGE,ARROGANCE,MOTIVATED,CONSIDER,PERPETUAL,,BURDENSOME,ASUNDER,DUTY,BIGOTRY,EFFECTIVENESS,INTERCLASS
ADVANTAGEOUS,ARROGANT,MOTIVATION,CONSIDERATION,PERPETUATE,,CALLOUS,ATROCIOUS,EARNEST,BIRTHDAY,EFFICIENCY,ANTICLASS
AFFABILITY,ARTIFICIAL,MOTIVE,CORRELATE,PERSEVERE,,CANDID,ATTUNE,EQUITABLE,BIRTHPLACE,EFFICIENT,CLASSY
AFFABLE,ASSAULT,NEED,CRITICAL,PERSIST,,CAPRICIOUS,AUDACIOUS,ETHICAL,CADILLAC,ENABLE,ESTATE
AFFINITY,ATROCIOUS,NEEDY,CRUCIAL,PERSISTENCE,,CAPTIVE,AUDIBLE,ETHICS,CELEBRATE,ERROR,POOR
AGILE,ATTACK,PREFER,CURE,PREVAIL,,CHARITABLE,AUSPICIOUS,FAIR,CELEBRATION,ETRANS,RICH
AGILITY,AUDACIOUS,QUENCH,DEAL,PROGRESS,,CHIVALROUS,AUSTERE,FAITH,CEREMONY,EXPERT,PRIVILEGE
AID,AUDACITY,RELISH,DEBT,PROLONG,,COERCIVE,AVID,FALSE,CHILDISH,FACULTY,WEALTH
ALERTNESS,AVARICE,SAVOR,DECIDE,STATUS,,COMBATANT,AWARE,FINE,CLASS,FAIL,
ALIGHT,AVARICIOUS,SCARCITY,DEMONSTRATION,STAUNCH,,COMMENSURATE,BALMY,FORGIVEN,COLONEL,FAILURE,
ALLEGIANCE,AVENGE,SELFISHNESS,DETERRENT,STAUNCHNESS,,COMMODIOUS,BANAL,FRAUD,COMMEND,FASHION,
ALLURE,AWFUL,SMITTEN,DISARMAMENT,STEADFAST,,COMMUNAL,BANKRUPT,GOOD-WILL,COMMENDABLE,FAULT,
ALMIGHTY,AWKWARD,STARVATION,DISPOSAL,STEADFASTNESS,,CONDESCENDING,BARBAROUS,GOODNESS,COMPLEMENT,FEATHER,
ALTRUISTIC,AWKWARDNESS,STARVE,DOUBT,STEADILY,,CONGENIAL,BARREN,GOODWILL,CONFIDE,FEMININE,
AMBITION,BACKWARDNESS,SUFFOCATE,DURABLE,STEADINESS,,CONGRATULATORY,BEASTLY,GREED,CONFIDENCE,FOOLISH,
AMBITIOUS,BAD,TAKE,EASY,SUCCESSION,,CONSIDERATE,BEAUTEOUS,GUILT,CONGRATULATE,FUTILE,
AMENABLE,BADLY,TEMPT,EFFECT,SUCCESSIVE,,CONTAGIOUS,BEFITTING,GUILTY,CONGRATULATION,FUTILITY,
AMIABILITY,BANAL,THANKFUL,END,TEND,,CORDIAL,BELATED,HAVE,COUNTRY,GAME,
AMIABLE,BANE,THIRST,EXACT,UNCHANGED,,CORROSIVE,BELLIGERENT,HEROISM,COURAGE,GENIUS,
AMICABLE,BANKRUPT,THIRSTY,EXPEDIENT,UNDERWAY,,CORRUPT,BERSERK,HONEST,COURAGEOUS,GIFTED,
ANGEL,BARBARIAN,URGE,EXPENSE,UNFAILING,,DEBATABLE,BESET,IMPARTIAL,COWARD,GRACIOUS,
ANGELIC,BARBAROUS,WANT,EXPERIENCE,UNWAVERING,,DECEITFUL,BITCHY,IMPOSTOR,CREDIT,HARD,
APPROPRIATE,BEASTLY,WANTON,EXPLORATION,USUAL,,DEFIANT,BIZARRE,INCUMBENT,CREDITABLE,IMAGINABLE,
APPROVE,BEAT,WISH,FACILITY,,,DEPENDENT,BLAMELESS,INDICTMENT,CRITICISM,IMAGINATION,
APT,BEREAVEMENT,WISHFUL,FACULTY,,,DICTATORIAL,BLAND,INDIGNANT,CRITICIZE,IMAGINATIVE,
APTITUDE,BESIDE,YEARN,FAVOR,,,DISHONEST,BLATANT,INEQUITABLE,CROWN,IMPOSSIBLE,
ARREST,BIZARRE,,FOOT,,,DISINGENUOUS,BLINDNESS,INEQUITY,CULTIVATE,IMPRACTICAL,
ASSIST,BLAME,,FORMATION,,,DISOBEDIENT,BLISSFUL,INFAMOUS,DEGRADE,INCAPACITY,
ASSISTANCE,BLEAK,,FORMULATE,,,DISTRUSTFUL,BLITHE,INJUSTICE,DEVIANT,INCOMPETENCE,
ASSUREDNESS,BLEMISH,,FREE,,,ENVIOUS,BLOCKHEAD,INNOCENCE,DIGNITY,INCORRECT,
ASTUTE,BLIND,,FUND,,,ESTRANGED,BOASTFUL,INNOCENT,DISAPPROVE,INEPT,
ATHLETIC,BLINDNESS,,GRADUATE,,,FILIAL,BOGUS,INTEGRITY,DISCRIMINATION,INNOVATION,
ATTRACTIVE,BLOCKHEAD,,GROUND,,,GULLIBLE,BOISTEROUS,IRRESPONSIBLE,DISCRIMINATORY,INVENT,
AUTHENTIC,BOARD,,GUESS,,,HARMONIOUS,BONNY,JUSTICE,DISGRACE,INVENTION,
AUTHENTICITY,BOAST,,HAND,,,HURTFUL,BOUNDLESS,JUSTIFIABLE,DISTINGIUSH,INVENTIVE,
AUTHORITATIVE,BOASTFUL,,IDENTIFICATION,,,INACCESSIBLE,BOUNTIFUL,JUSTIFIABLY,DISTINGUISH,JEWEL,
AUTONOMY,BOGUS,,IMAGE,,,INSEPARABLE,BRAINY,JUSTIFICATION,DOUBLE,JOB,
AVAILABILITY,BONDAGE,,IMPLEMENTATION,,,INTOLERABLE,BRAT,LIAR,DR,JUDGMENT,
AVAILABLE,BORE,,INCIDENTAL,,,IRRESISTIBLE,BRAZEN,LIBERATE,DR.,JUDICIOUS,
BASIC,BOREDOM,,INDIRECT,,,LAUDABLE,BRITTLE,LIE,EDUCATED,JUNGLE,
BEACON,BOTHER,,INDISPENSABLE,,,LIKABLE,BRUTISH,MANNER,ELDER,KITCHEN,
BEAUTY,BOTHERSOME,,INFORM,,,LONESOME,BUOYANT,MISBEHAVIOR,ELDEST,LABOR,
BEHALF,BOUND,,INSTRUMENTAL,,,MAGNETIC,CAREFREE,MISTREATMENT,ENTITLE,LAY,
BENEFACTOR,BOW,,INSURANCE,,,MALICIOUS,CEASELESS,MORAL,EQUALITY,MACHINE,
BENEFICENT,BRAT,,INTEGRATION,,,MERCIFUL,CEREMONIAL,MORALITY,EXCLUSIVE,MACHINERY,
BENEFICIAL,BRIBE,,INVENTORY,,,MERCILESS,CHAFE,NOTORIOUS,EXCLUSIVENESS,MANAGE,
BENEVOLENCE,BROKE,,INVOLVE,,,MURDEROUS,CHAOTIC,OATH,FACE,MANAGERIAL,
BENEVOLENT,BRUTALITY,,JOB,,,NOSEY,CHASTE,OBLIGATION,FAME,MEDICINE,
BENIGN,BRUTE,,JUDGMENT,,,OBEDIENT,CHIC,OBLIGE,FAMOUS,MEDIOCRE,
BEST,BRUTISH,,KEEP,,,OUTGOING,CHILDISH,OFFENCE,FLAG,MIRACLE,
BETTER,BURDEN,,LEAD,,,PEERLESS,CLAMOROUS,OUTRAGE,FLOOR,MISTAKE,
BLAMELESS,BURDENSOME,,LIVELIHOOD,,,PERSUASIVE,CLUMSY,PENALTY,FOOL,MODERN,
BLESS,BURN,,MAINTENANCE,,,PITIFUL,COARSE,PLEDGE,FOREMOST,MODERNIZATION,
BOARD,BUSYBODY,,MAKE,,,PITILESS,COCKY,PRETENCE,FORMAL,NURSE,
BOLD,BUTCHERY,,MANEUVER,,,POISONOUS,COGENT,PRETENSION,FUN,OCCUPATION,
BOLDNESS,CAPITAL,,MANNER,,,QUARRELSOME,COGNIZANT,PRINCIPLE,GENTLEMAN,OCCUPATIONAL,
BONNY,CAPRICIOUS,,MANPOWER,,,REACTIVE,COHERENT,PROCTOR,GENTLEMEN,OUTSTANDING,
BRAVE,CARELESS,,MEAN,,,REBELLIOUS,COLOSSAL,PROMISE,GIVE,PACE,
BRAVERY,CARELESSNESS,,MEASURE,,,RECEPTIVE,COMELY,RECTITUDE,GRATEFUL,PAINT,
BROTHERHOOD,CARRY,,METHOD,,,REPREHENSIBLE,COMESTIBLE,REGRET,GRATITUDE,PARACHUTE,
BUSY,CATASTROPHE,,METHODICAL,,,RUDE,COMICAL,RESPONSIBILITY,GREATNESS,PERFORM,
BUY,CATCH,,MODE,,,SARCASTIC,COMMENDABLE,RESPONSIBLE,GROW,PERFORMANCE,
CAPABLE,CHAOS,,MOVABLE,,,SCORNFUL,COMPLEMENTARY,RIGHT,GUEST,PLAY,
CAPITAL,CHAOTIC,,NECESSARY,,,SELFISHNESS,COMPREHENSIVE,RIGHTEOUS,HERO,PRACTICABLE,
CAREFUL,CHEAP,,NECESSITY,,,SHAMEFUL,CONCLUSIVE,RIGHTEOUSNESS,HEROIC,PRACTICAL,
CASUAL,CHEATER,,NEGLECT,,,SHAMELESS,CONDUCIVE,RIGHTFUL,HEROINE,PRACTICE,
CAUTIOUS,CHILDISH,,NETWORK,,,SLANDEROUS,CONGESTED,RUE,HOMAGE,PRECISION,
CERTAIN,CHRONIC,,NORM,,,SOCIABLE,CONTEMPTIBLE,SATISFACTORILY,HONOR,PREPARE,
CHARACTER,CIRCLE,,OMISSION,,,SPITEFUL,CONTEMPTUOUS,SCANDAL,HONORABLE,PREREQUISITE,
CHARISMA,CLAMOR,,OPERATIONAL,,,SUAVE,COUNTERFEIT,SCANDALOUS,HOST,PRODUCT,
CHARITABLE,CLUMSY,,OPERATIVE,,,SUBMISSIVE,COURAGEOUS,SHRANK,HOSTESS,PROMISE,
CHARITY,CLUTTER,,ORDER,,,SUPPORTIVE,COVERT,SHRINK,HUMBLE,QUALIFICATION,
CHARM,COARSENESS,,PATTERN,,,SUSCEPTIBLE,COZY,SHRUNK,HUMILITY,QUALIFY,
CHASTE,COCKINESS,,PAYMENT,,,THANKFUL,CRAFTY,SINCERE,IMMATURE,QUALITY,
CHERISH,COERCION,,PAYROLL,,,TOLERABLE,CRANKY,SINCERITY,IMMATURITY,RACE,
CHERUB,COMMISERATION,,PICK,,,TREASONOUS,CRASS,SORRY,IMPRESS,RATIONAL,
CHIVALROUS,COMMOTION,,PLAN,,,UNBEARABLE,CREDIBLE,SUPPOSE,IMPRESSIVE,RESUME,
CHIVALRY,COMPLICATION,,PREPARE,,,UNCOUTH,CREDULOUS,TELLING,INDIVIDUALITY,SENSITIVE,
CHOSEN,COMPLICITY,,PREREQUISITE,,,UNFAITHFUL,CROOKED,TEMPTATION,INEQUALITY,SERIOUS,
CIVILITY,CONCEIT,,PRESERVATION,,,UNFRIENDLY,CRUDE,TRUST,INFERIORITY,SHOOT,
CLEAN,CONDEMNATION,,PRESS,,,UNGRATEFUL,CRUSHING,TRUTHFUL,INFORMAL,SKILL,
CLEANLINESS,CONDESCENDING,,PRIORITY,,,UNKIND,CULPABLE,UNFAIR,INSINUATE,SKILLFUL,
CLEVER,CONDESCENSION,,PROBE,,,UNPOPULAR,CUMBERSOME,UNGRATEFUL,INSINUATION,SLAVE,
CO-OPERATION,CONFINEMENT,,PROCEDURAL,,,UNSELFISH,CURSORY,UNJUST,INSULT,SLY,
COLLABORATION,CONFISCATION,,PROCEDURE,,,WARLIKE,CUTE,UNJUSTIFIED,INTOLERANCE,SMART,
COLLECT,CONFRONTATION,,PROCUREMENT,,,,CYNICISM,UNTRUSTWORTHY,JANITOR,SPLENDID,
COMMENDABLE,CONFUSE,,PRODUCTION,,,,DAMNABLE,VICE,JUNIOR,SPLENDOR,
COMMITMENT,CONFUSION,,PROGRAM,,,,DAMNED,VIOLATE,JUVENILE,SPORT,
COMMON,CONSTERNATION,,PROJECT,,,,DARING,VIOLATION,KID,SQUANDOR,
COMPASSION,CONSUMPTIVE,,PROVISION,,,,DARLING,WICKED,KNEEL,STUPID,
COMPASSIONATE,CONTAMINATION,,QUALIFICATION,,,,DAUNTING,WORTHINESS,KNELT,TALENT,
COMPATIBLE,CONTEMPT,,QUEST,,,,DAUNTLESS,WORTHY,KNOWN,TASK,
COMPENSATION,CONTEMPTIBLE,,READY,,,,DEAF,WRONG,LADY,TECHNIQUE,
COMPETENCE,CONTEMPTUOUS,,RECONSTRUCTION,,,,DECADENT,,LAUGH,TECHNOLOGY,
COMPETENT,CORRUPT,,RECRUITMENT,,,,DECORATIVE,,LIMOUSINE,TOIL,
COMPETITIVE,CORRUPTION,,REDEVELOPMENT,,,,DEFICIENT,,LIVE,TOUCH,
COMPLETENESS,COSTLY,,REGARD,,,,DEFINITIVE,,LORD,TRAIN,
COMPOSURE,COUNTERFEIT,,REMEDY,,,,DEJECTED,,LOSER,TRICK,
CONDITION,COVERT,,RENTAL,,,,DELINQUENT,,MATURE,UNABLE,
CONFORMITY,CRAFTY,,REPAIR,,,,DEPLORABLE,,MATURITY,UNATTRACTIVE,
CONGENIAL,CRASH,,REPRESENTATIVE,,,,DEPRAVED,,MEDAL,VAIN,
CONSCIENCE,CRASS,,REQUIRE,,,,DERISIVE,,MERIT,VOCATIONAL,
CONSCIENTIOUS,CRAZE,,REQUIREMENT,,,,DEROGATORY,,MISTER,WALK,
CONSIDERATE,CRAZINESS,,REQUISITE,,,,DESIROUS,,MISTREAT,WORK,
CONSISTENCY,CRAZY,,RESERVATION,,,,DESPICABLE,,MOCK,,
CONSISTENT,CREEP,,RESERVE,,,,DESTITUTE,,MODEST,,
CONSTRUCTIVE,CRISIS,,RESOURCE,,,,DETESTABLE,,MONUMENT,,
CONTEMPLATION,CROOK,,RETAIL,,,,DETRIMENTAL,,NAME,,
CONTROL,CROOKED,,RETIREMENT,,,,DEVILISH,,NOBLE,,
CONVENIENCE,CRUEL,,REVENUE,,,,DEVIOUS,,NOTABLE,,
CONVENIENT,CRUELTY,,REVIEW,,,,DEVOUT,,NOTE,,
CONVENTIONAL,CULPRIT,,RIGHT,,,,DIABOLIC,,NOTEWORTHY,,
CONVICTION,CURSORY,,RISK,,,,DIABOLICAL,,OFFEND,,
COOPERATION,CYNICAL,,ROOM,,,,DIGNIFIED,,PAY,,
COOPERATIVE,CYNICISM,,ROUTINE,,,,DIRE,,PEASANT,,
COORDINATION,DAMAGE,,SALARY,,,,DISCORDANT,,PEER,,
CORDIAL,DAMNABLE,,SALE,,,,DISCREPANT,,PERSONAL,,
CORRECT,DAMNED,,SALESMANSHIP,,,,DISEASED,,PICK,,
COURAGE,DANGER,,SAVE,,,,DISHEARTEN,,PLAQUE,,
COURAGEOUS,DANGEROUS,,SAY,,,,DISORGANIZED,,PLEASE,,
COURTEOUS,DEADLY,,SCHEDULE,,,,DISPROPORTIONATE,,POISE,,
COURTESY,DEADWEIGHT,,SCHEME,,,,DISSATISFIED,,POLITE,,
COURTLY,DEARTH,,SCORE,,,,DISTINGUISHED,,PREJUDICE,,
COVER,DECADENCE,,SEARCH,,,,DISTRACTING,,PRESTIGE,,
CREATIVE,DECADENT,,SHARE,,,,DIZZY,,PRIDE,,
CREATIVITY,DECEIT,,SHIPMENT,,,,DOUBTFUL,,PRIVACY,,
CULTIVATE,DECEITFUL,,SHOP,,,,DOWNCAST,,PRIVATE,,
CULTURE,DECEIVE,,SOMEHOW,,,,DOWNHEARTED,,PRIVILEGE,,
CUT,DECEPTION,,SOMETHING,,,,DRAB,,PRIZE,,
CUTE,DEFEAT,,SPEAK,,,,DREARY,,PROPRIETY,,
DARING,DEFECT,,STAGE,,,,DROWSY,,PROUD,,
DECENCY,DEFECTIVE,,STAKE,,,,DRUNKEN,,QUEEN,,
DECENT,DEFIANCE,,STAND,,,,DYING,,RASCAL,,
DECISIVE,DEFIANT,,STATUS,,,,ECCENTRIC,,REBUKE,,
DEDICATE,DEFICIENCY,,STEP,,,,ECSTATIC,,RECKLESS,,
DEDICATION,DEFICIENT,,STOCK,,,,EDIBLE,,REGARD,,
DEEP,DEGENERATE,,STORE,,,,EGOTISTICAL,,RENOWN,,
DEMAND,DELINQUENCY,,STRATEGIC,,,,ELOQUENT,,REPUDIATE,,
DEPENDABILITY,DELINQUENT,,STRATEGY,,,,ENTHUSIASTIC,,REPUGNANT,,
DEPENDABLE,DELIRIUM,,STUDY,,,,ENTREPRENEURIAL,,REPUTABLE,,
DESIRABLE,DELUSION,,SUBSTITUTE,,,,ERRONEOUS,,REPUTATION,,
DESIRE,DEMAND,,SUPPLEMENT,,,,ESOTERIC,,RESPECT,,
DIGNITY,DEMON,,SURVEY,,,,EVERLASTING,,RESPECTABLE,,
DILIGENT,DEPENDENCE,,SYSTEMATIC,,,,EXEMPT,,REVERENCE,,
DISCIPLINE,DEPLORABLE,,SYSTEMATICALLY,,,,EXHAUSTION,,RIDE,,
DISCREET,DEPRAVED,,TABLE,,,,EXOTIC,,RIDICULE,,
DISCRETION,DEPRESS,,TACTIC,,,,EXQUISITE,,RIDICULOUS,,
DISTINGUISH,DERISION,,TACTICAL,,,,EXTINCT,,ROYAL,,
DIVINE,DERISIVE,,TACTICS,,,,EXTRAORDINARY,,ROYALTY,,
DIVINITY,DESERTION,,TASK,,,,EXUBERANT,,SANCTITY,,
DOUBT,DESOLATE,,TECHNIQUE,,,,FABULOUS,,SATIRE,,
DOUBTLESS,DESOLATION,,TENACITY,,,,FACTUAL,,SCOLD,,
DUE,DESPICABLE,,TEST,,,,FAKE,,SELF-RESPECT,,
DUTY,DESPISE,,THERAPY,,,,FAMISHED,,SELFISH,,
DYNAMIC,DESTRUCTION,,TOUCH,,,,FANATICAL,,SENIOR,,
EASY,DESTRUCTIVE,,TREATMENT,,,,FARSIGHTED,,SERVE,,
ECONOMICAL,DETACHMENT,,TRUST,,,,FASCIST,,SHAKE,,
EDGE,DETESTABLE,,TRY,,,,FASHIONABLE,,SHAME,,
EDUCATED,DETRIMENTAL,,UNAVOIDABLE,,,,FATAL,,SHOW,,
EFFECTIVE,DEVASTATION,,UNDERTAKE,,,,FATALISTIC,,SHUT,,
EFFECTIVENESS,DIFFICULT,,USE,,,,FEARLESS,,SIR,,
EFFICACY,DIFFICULTY,,UTILITY,,,,FEARSOME,,SLANDERER,,
EFFICIENCY,DILEMMA,,VALUATION,,,,FEASIBLE,,SLIGHT,,
EFFICIENT,DIRE,,VENTURE,,,,FEROCIOUS,,SPECTACLE,,
ELEGANCE,DISADVANTAGE,,WAGE,,,,FERTILE,,STAND,,
ELEGANT,DISADVANTAGEOUS,,WANT,,,,FERVENT,,STATELY,,
ELIGIBLE,DISAPPOINT,,WAR,,,,FESTIVE,,STATESMAN,,
ELOQUENT,DISAPPROVAL,,WAY,,,,FEUDAL,,STATESMEN,,
EMINENT,DISASTER,,WORK,,,,FICKLE,,STATUS,,
ENCHANT,DISASTROUS,,,,,,FIERCE,,STAUNCH,,
ENCOURAGE,DISCORD,,,,,,FIERY,,STIGMA,,
ENCOURAGEMENT,DISCOURAGEMENT,,,,,,FILTHY,,SUBLIME,,
ENJOYABLE,DISCRIMINATION,,,,,,FLAGRANT,,SWEAR,,
ENJOYMENT,DISDAIN,,,,,,FLASHY,,SWORE,,
ENLIGHTEN,DISGRACE,,,,,,FLAWLESS,,TEMERITY,,
EQUALITY,DISINTEREST,,,,,,FLEETING,,TERM,,
EQUITABLE,DISMAL,,,,,,FLIMSY,,THRONE,,
ESSENTIAL,DISOBEDIENCE,,,,,,FLUENT,,TOLERANCE,,
ESTABLISH,DISOBEDIENT,,,,,,FOREBODING,,TOLERANT,,
ETHICAL,DISORDER,,,,,,FORLORN,,TRADITION,,
EVALUATION,DISORGANIZED,,,,,,FRAGILE,,TRADITIONAL,,
EXACT,DISPUTABLE,,,,,,FRAGRANT,,TRIBUTE,,
EXCELLENCE,DISRUPTION,,,,,,FRAUDULENT,,TRUSTWORTHY,,
EXCELLENT,DISSATISFACTION,,,,,,FRAUGHT,,UNFORTUNATE,,
EXCEPTIONAL,DISSENT,,,,,,FRETFUL,,UNRELIABLE,,
EXCLUSIVE,DISSENTION,,,,,,FRIGHTFUL,,UNWORTHY,,
EXPERIENCE,DISTRACTION,,,,,,FRIGID,,VALOR,,
EXPERT,DISTURB,,,,,,FRIVOLOUS,,VENGEANCE,,
EXTRAORDINARY,DISTURBANCE,,,,,,FRUGAL,,VOW,,
FAIR,DOLDRUMS,,,,,,FUSSY,,VULGAR,,
FAIRNESS,DOMINANT,,,,,,GALLANT,,WAY,,
FAITH,DOMINATION,,,,,,GIDDY,,WHITE,,
FAITHFUL,DOOM,,,,,,GLAMOROUS,,WORTH,,
FAITHFULNESS,DOPE,,,,,,GLOSSY,,,,
FANCY,DOUBLE,,,,,,GLUM,,,,
FANTASTIC,DOUBTFUL,,,,,,GODLIKE,,,,
FAVOR,DRAB,,,,,,GORGEOUS,,,,
FAVORABLE,DREADFUL,,,,,,GRATUITOUS,,,,
FAVORITE,DREARY,,,,,,GRIM,,,,
FELLOWSHIP,DRUNK,,,,,,GRIZZLY,,,,
FINE,DRUNKARD,,,,,,GRUFF,,,,
FIT,DRUNKEN,,,,,,GUILTY,,,,
FLAIR,DUBIOUS,,,,,,HAGGARD,,,,
FLAWLESS,DUNCE,,,,,,HALLOWED,,,,
FLUENT,EGOTISTICAL,,,,,,HAPLESS,,,,
FOLKSY,EMBARRASSMENT,,,,,,HARDY,,,,
FOND,ENVIOUS,,,,,,HAUGHTY,,,,
FOREMOST,ENVY,,,,,,HAZY,,,,
FORESIGHT,EQUIVOCAL,,,,,,HEALTHFUL,,,,
FORGIVENESS,EVIL,,,,,,HEARTLESS,,,,
FORTITUDE,EXCESSIVE,,,,,,HECTIC,,,,
FORTUNATE,EXPENSIVE,,,,,,HEDONISTIC,,,,
FORTUNE,EXTRAVAGANT,,,,,,HEEDLESS,,,,
FRANK,FABRICATION,,,,,,HEINOUS,,,,
FREE,FAIL,,,,,,HEROIC,,,,
FREEDOM,FAILURE,,,,,,HILARIOUS,,,,
FRIENDLY,FALSE,,,,,,HORRID,,,,
FRIENDSHIP,FANATIC,,,,,,HUMANITARIAN,,,,
FRUITFUL,FANATICAL,,,,,,HUMOROUS,,,,
FUNNY,FAULT,,,,,,IDIOTIC,,,,
GALLANT,FEEBLE,,,,,,IGNOBLE,,,,
GALLANTRY,FEVER,,,,,,ILLEGAL,,,,
GENEROSITY,FIGHT,,,,,,ILLITERATE,,,,
GENEROUS,FILTH,,,,,,ILLOGICAL,,,,
GENTLE,FILTHY,,,,,,ILLUSTRIOUS,,,,
GENUINE,FIX,,,,,,IMMACULATE,,,,
GIFTED,FOOLISH,,,,,,IMMATURE,,,,
GLORIOUS,FOOLISHNESS,,,,,,IMMORAL,,,,
GLORY,FORCE,,,,,,IMMORTAL,,,,
GODLINESS,FOREIGN,,,,,,IMMOVABLE,,,,
GOOD,FORGETFULNESS,,,,,,IMPARTIAL,,,,
GOODNESS,FORMIDABLE,,,,,,IMPATIENT,,,,
GRACE,FRACTURE,,,,,,IMPERATIVE,,,,
GRACEFUL,FRAIL,,,,,,IMPERFECT,,,,
GRACIOUS,FRONT,,,,,,IMPERVIOUS,,,,
GRAND,FRUITLESS,,,,,,IMPETUOUS,,,,
GREATNESS,FUSSY,,,,,,IMPRECISION,,,,
GROWN,FUTILITY,,,,,,IMPROPER,,,,
GUIDANCE,GHASTLY,,,,,,IMPULSIVE,,,,
HANDSOME,GRAVE,,,,,,IMPURE,,,,
HANDY,GRIM,,,,,,INADEQUATE,,,,
HARD,GROTESQUE,,,,,,INANE,,,,
HARDY,GUILTY,,,,,,INCOMPETENT,,,,
HARMLESS,HACK,,,,,,INCONVENIENT,,,,
HARMONY,HAPLESS,,,,,,INCURABLE,,,,
HEALTHFUL,HARD,,,,,,INDECENT,,,,
HEALTHY,HARDSHIP,,,,,,INDESCRIBABLE,,,,
HEAVENLY,HARM,,,,,,INDETERMINABLE,,,,
HELP,HARMFUL,,,,,,INDETERMINATE,,,,
HELPFUL,HARSH,,,,,,INDICATIVE,,,,
HEROIC,HAVOC,,,,,,INDIFFERENT,,,,
HEROISM,HAZARD,,,,,,INDOMITABLE,,,,
HIT,HAZARDOUS,,,,,,INDUSTRIOUS,,,,
HOLY,HEAD,,,,,,INEFFECTIVE,,,,
HONEST,HECTIC,,,,,,INEFFECTUAL,,,,
HONOR,HEDONISTIC,,,,,,INEXPENSIVE,,,,
HONORABLE,HELPLESSNESS,,,,,,INFAMOUS,,,,
HOSPITABLE,HESITANT,,,,,,INGENIOUS,,,,
HUMANITARIAN,HESITATION,,,,,,INHUMANE,,,,
HUMBLE,HIDEOUS,,,,,,INQUISITIVE,,,,
HUMILITY,HINDRANCE,,,,,,INSANE,,,,
IDEAL,HOLE,,,,,,INSENSIBLE,,,,
IMAGINATIVE,HOMELY,,,,,,INSISTENT,,,,
IMMACULATE,HORRIBLE,,,,,,INSOLENT,,,,
IMPORTANT,HORRID,,,,,,INSPIRATIONAL,,,,
IMPRESSIVE,HOT,,,,,,INSTINCTIVE,,,,
IMPROVE,HURTFUL,,,,,,INTRICATE,,,,
IMPROVEMENT,HYPOCRISY,,,,,,INUNDATED,,,,
INDEPENDENT,HYPOCRITE,,,,,,INVALID,,,,
INDISPENSABILITY,HYSTERIA,,,,,,INVALUABLE,,,,
INDISPUTABLE,IDIOT,,,,,,INVINCIBLE,,,,
INFALLIBILITY,IDIOTIC,,,,,,INVISIBLE,,,,
INFALLIBLE,IDLE,,,,,,INVOLUNTARY,,,,
INFLUENCE,IDLENESS,,,,,,INVULNERABLE,,,,
INFLUENTIAL,IGNOBLE,,,,,,JITTERY,,,,
INGENIOUS,IGNORANCE,,,,,,JOBLESS,,,,
INNOCENCE,IGNORANT,,,,,,JOLLY,,,,
INNOCENT,ILLEGAL,,,,,,JOYFUL,,,,
INNOVATIVE,ILLEGALITY,,,,,,JUBILANT,,,,
INSPIRE,ILLNESS,,,,,,JUMPY,,,,
INTEGRITY,IMMORAL,,,,,,LAME,,,,
INTELLECT,IMMORALITY,,,,,,LAMENTABLE,,,,
INTELLECTUAL,IMPATIENT,,,,,,LAVISH,,,,
INTELLIGENCE,IMPEDIMENT,,,,,,LAWFUL,,,,
INTELLIGENT,IMPERFECT,,,,,,LAWLESS,,,,
INVINCIBLE,IMPERSONAL,,,,,,LIABLE,,,,
INVITE,IMPETUOUS,,,,,,LIFELESS,,,,
INVULNERABLE,IMPROPER,,,,,,LIFELONG,,,,
JUSTIFIABLY,IMPULSIVE,,,,,,LIMP,,,,
JUSTIFICATION,IMPURE,,,,,,LOWLY,,,,
KEEN,IMPURITY,,,,,,LUCID,,,,
KIND,INABILITY,,,,,,LUCRATIVE,,,,
KINDNESS,INACCESSIBLE,,,,,,LUDICROUS,,,,
LAWFUL,INADEQUATE,,,,,,LUMINOUS,,,,
LEAD,INANE,,,,,,LUSTROUS,,,,
LEARN,INCAPABLE,,,,,,LUXURIANT,,,,
LEGITIMACY,INCOMPATIBILITY,,,,,,LUXURIOUS,,,,
LEGITIMATE,INCOMPATIBLE,,,,,,MAGICAL,,,,
LEISURE,INCORRECT,,,,,,MAJESTIC,,,,
LIBERAL,INDECENT,,,,,,MALIGNANT,,,,
LIKABLE,INDECISION,,,,,,MANAGEABLE,,,,
LOT,INDECISIVE,,,,,,MANLY,,,,
LOVELINESS,INDECISIVENESS,,,,,,MARVELOUS,,,,
LOVELY,INDEFINITE,,,,,,MASTERFUL,,,,
LOYAL,INEXACT,,,,,,MATCHLESS,,,,
LOYALTY,INFAMOUS,,,,,,MEAGER,,,,
LUCK,INFERIOR,,,,,,MEASURABLE,,,,
LUCKILY,INFILTRATION,,,,,,MEDIOCRE,,,,
LUCKY,INFRINGEMENT,,,,,,MEEK,,,,
LUXURY,INGRATITUDE,,,,,,MELANCHOLY,,,,
MAGNIFICENCE,INHIBITION,,,,,,MELLOW,,,,
MAGNIFICENT,INHUMANE,,,,,,MEMORABLE,,,,
MAJESTIC,INJURIOUS,,,,,,MENIAL,,,,
MAJESTY,INSANE,,,,,,MERITORIOUS,,,,
MANLY,INSECURE,,,,,,MERRY,,,,
MARVELOUS,INSECURITY,,,,,,METICULOUS,,,,
MATURE,INSIDIOUS,,,,,,MILD,,,,
MEANINGFUL,INSIGNIFICANT,,,,,,MINDFUL,,,,
MERCIFUL,INSTABILITY,,,,,,MINT,,,,
MERCY,INSTABLE,,,,,,MIRACULOUS,,,,
MERIT,INSUFFICIENT,,,,,,MISCHIEVOUS,,,,
MERITORIOUS,INTERFERENCE,,,,,,MISINFORMED,,,,
MIGHT,INTERVENTION,,,,,,MOMENTOUS,,,,
MIGHTY,INVALID,,,,,,MONOTONOUS,,,,
MIND,INVOLVE,,,,,,MONUMENTAL,,,,
MINT,IRONIC,,,,,,MOODY,,,,
MIRACLE,IRONY,,,,,,MORALISTIC,,,,
MIRACULOUS,IRRATIONAL,,,,,,MOTIONLESS,,,,
MODERATE,IRRESPONSIBLE,,,,,,MUDDY,,,,
MODEST,LACK,,,,,,MUNDANE,,,,
MORAL,LAZY,,,,,,MURKY,,,,
MUST,LIMIT,,,,,,NASTY,,,,
NEAT,LIMITATION,,,,,,NAUGHTY,,,,
NICE,LIQUIDATION,,,,,,NAVIGABLE,,,,
NOBLE,LOSS,,,,,,NEBULOUS,,,,
NON-VIOLENCE,LOST,,,,,,NEEDY,,,,
NON-VIOLENT,LOVELESS,,,,,,NEGLIGENT,,,,
NORMAL,LUDICROUS,,,,,,NEUROTIC,,,,
NOTE,LUNATIC,,,,,,NIMBLE,,,,
NOTEWORTHY,MAD,,,,,,NOISELESS,,,,
OBJECTIVE,MADMAN,,,,,,NONCHALANT,,,,
OBLIGATION,MADNESS,,,,,,NOTABLE,,,,
OPEN,MALADJUSTED,,,,,,NOTORIOUS,,,,
OPPORTUNE,MALADJUSTMENT,,,,,,NOVICE,,,,
OPPORTUNITY,MANNER,,,,,,NUMB,,,,
OPTIMAL,MAR,,,,,,OBLIQUE,,,,
ORGANIZE,MATTER,,,,,,OBSOLETE,,,,
OUTSTANDING,MEAN,,,,,,OBSTINATE,,,,
OVERTURE,MEANINGLESS,,,,,,OBTAINABLE,,,,
OWN,MENACE,,,,,,OFFENSIVE,,,,
PALATABLE,MESS,,,,,,OPINIONATED,,,,
PALATIAL,MISBEHAVIOR,,,,,,OPPORTUNE,,,,
PARAMOUNT,MISFORTUNE,,,,,,OPPRESSIVE,,,,
PATIENCE,MISTAKE,,,,,,OPTIONAL,,,,
PATIENT,MISUSE,,,,,,OUTRAGEOUS,,,,
PEACE,MIX,,,,,,OUTRIGHT,,,,
PEACEABLE,MONOTONOUS,,,,,,OVERBEARING,,,,
PEACEFUL,MONOTONY,,,,,,OVERJOYED,,,,
PERFECT,MONSTROUS,,,,,,OVERWHELMING,,,,
PERFECTION,MUNDANE,,,,,,OVERWORKED,,,,
PERSEVERANCE,NAIVE,,,,,,PAINSTAKING,,,,
PERSISTENT,NEGATION,,,,,,PALATABLE,,,,
PERTINENT,NEGATIVE,,,,,,PALATIAL,,,,
PINNACLE,NEGLIGENCE,,,,,,PALTRY,,,,
PIOUS,NEGLIGENT,,,,,,PARALYZED,,,,
PLAUSIBLE,NONSENSE,,,,,,PARAMOUNT,,,,
PLEASANT,NOTORIOUS,,,,,,PARANOID,,,,
PLEASE,NUISANCE,,,,,,PASSE,,,,
POLITE,OBNOXIOUS,,,,,,PATHETIC,,,,
POLITENESS,ODD,,,,,,PATRIOTIC,,,,
POPULAR,OFFENSIVE,,,,,,PEACEABLE,,,,
POPULARITY,OMINOUS,,,,,,PERILOUS,,,,
POSITIVE,ORDEAL,,,,,,PERVERSE,,,,
POTENTIAL,OUTRAGEOUS,,,,,,PESSIMISTIC,,,,
POTENTIALITY,OVERSIGHT,,,,,,PETTY,,,,
POWER,PAINFUL,,,,,,PICTURESQUE,,,,
POWERFUL,PARTICULAR,,,,,,PLAYFUL,,,,
PRACTICABLE,PECULIAR,,,,,,PLEASURABLE,,,,
PRACTICAL,PENALTY,,,,,,POETIC,,,,
PRECIOUS,PERILOUS,,,,,,POIGNANT,,,,
PRECISE,PERVERSE,,,,,,POINTLESS,,,,
PRECISION,PERVERT,,,,,,POMPOUS,,,,
PREFERABLY,PEST,,,,,,PORTABLE,,,,
PREMIUM,PETTY,,,,,,POTENT,,,,
PRESTIGE,PINCH,,,,,,POWERLESS,,,,
PRETTILY,PLAGUE,,,,,,PREEMINENT,,,,
PRETTY,POLLUTION,,,,,,PREJUDICIAL,,,,
PRIME,POOR,,,,,,PREMIUM,,,,
PRINCIPLE,POVERTY,,,,,,PREPARATORY,,,,
PRIVILEGE,PRECARIOUS,,,,,,PREPOSTEROUS,,,,
PRODUCTIVE,PREDICAMENT,,,,,,PRETENTIOUS,,,,
PRODUCTIVITY,PREPOSTEROUS,,,,,,PRICELESS,,,,
PROFITABLE,PRESUMPTUOUS,,,,,,PRIMARILY,,,,
PROFOUND,PRETENTIOUS,,,,,,PRIME,,,,
PROGRESS,PRIMITIVE,,,,,,PRIVILEGED,,,,
PROGRESSIVE,PROHIBITIVE,,,,,,PRIVY,,,,
PROMINENT,PUNY,,,,,,PROACTIVE,,,,
PROMISE,QUESTIONABLE,,,,,,PRODIGIOUS,,,,
PROMPT,RADICAL,,,,,,PROFICIENT,,,,
PROMPTLY,RAGGED,,,,,,PROLIFIC,,,,
PROPER,RAMPANT,,,,,,PROPRIETARY,,,,
PROPITIOUS,RASCAL,,,,,,PROSPEROUS,,,,
PROSPERITY,RASH,,,,,,PROTECTIVE,,,,
PROTECTION,RECALCITRANT,,,,,,PRUDENT,,,,
PROVE,RECKLESS,,,,,,PUNCTUAL,,,,
PROVIDENCE,RECKLESSNESS,,,,,,PURPOSEFUL,,,,
PRUDENCE,REDUNDANCY,,,,,,QUEER,,,,
PRUDENT,REDUNDANT,,,,,,RADIANT,,,,
PUNCTUAL,REFUSE,,,,,,RASH,,,,
PURE,REGRESSION,,,,,,RECALCITRANT,,,,
PURIFICATION,REGRETTABLE,,,,,,REDUNDANT,,,,
PURIFY,REJECTION,,,,,,REGAL,,,,
PURITY,RELENTLESS,,,,,,REGARDLESS,,,,
QUAINT,REPREHENSIBLE,,,,,,REGRETTABLE,,,,
QUALIFY,REPUGNANT,,,,,,RELIABLE,,,,
QUALITY,REPULSIVE,,,,,,RELUCTANT,,,,
RATHER,RESISTANCE,,,,,,REPUGNANT,,,,
RATIONAL,RESTRICT,,,,,,RESENTFUL,,,,
REAL,RIDICULOUS,,,,,,RESOLUTE,,,,
REASONABLE,RIGID,,,,,,RESOLVED,,,,
REFINE,RIGOROUS,,,,,,RESOURCEFUL,,,,
REFINEMENT,RISKY,,,,,,RESPECTFUL,,,,
REGAL,ROTTEN,,,,,,RESPLENDENT,,,,
RELIABILITY,ROUGHNESS,,,,,,RESTFUL,,,,
RELIABLE,ROUNDABOUT,,,,,,RESTLESS,,,,
REMARKABLE,RUDE,,,,,,REVERENT,,,,
REMARKABLY,RUIN,,,,,,RIGHTEOUS,,,,
RENOWN,RUINOUS,,,,,,RIGHTFUL,,,,
REPUTABLE,RUPTURE,,,,,,RIGID,,,,
RESCUE,SCOUNDREL,,,,,,RIGOROUS,,,,
RESOURCEFUL,SCUM,,,,,,RISKY,,,,
RESOURCEFULNESS,SELFISH,,,,,,ROBUST,,,,
RESPECTABLE,SEVERE,,,,,,ROSY,,,,
RESPECTFUL,SEVERITY,,,,,,ROTTEN,,,,
RESPLENDENT,SHADY,,,,,,ROUGHNESS,,,,
RESPONSIBILITY,SHAGGY,,,,,,ROUNDABOUT,,,,
RESPONSIBLE,SHAMELESS,,,,,,RUINOUS,,,,
RETURN,SHOOT,,,,,,RUSTY,,,,
REWARD,SHORT,,,,,,RUTHLESS,,,,
RICH,SHORTCOMING,,,,,,SAGE,,,,
RIGHT,SILLY,,,,,,SANGUINE,,,,
ROAD,SIN,,,,,,SANITARY,,,,
ROSY,SINISTER,,,,,,SAVAGE,,,,
ROUND,SKEPTICAL,,,,,,SCANDALOUS,,,,
SACRED,SKETCHY,,,,,,SCARY,,,,
SAFE,SLOTH,,,,,,SCRUPULOUS,,,,
SAFETY,SLOTHFUL,,,,,,SEDENTARY,,,,
SALUTARY,SLUG,,,,,,SENILE,,,,
SALVATION,SLUGGISH,,,,,,SENSELESS,,,,
SANE,SLY,,,,,,SEVER,,,,
SATISFACTORILY,SORT,,,,,,SHABBY,,,,
SATISFACTORY,SOUR,,,,,,SHADY,,,,
SATISFY,SPOT,,,,,,SHAGGY,,,,
SCRUPULOUS,STALE,,,,,,SHINY,,,,
SECURITY,STATIC,,,,,,SHODDY,,,,
SELECTIVE,STICK,,,,,,SHORTSIGHTED,,,,
SELF-CONTAINED,STIGMA,,,,,,SHRILL,,,,
SELF-RESPECT,STRICT,,,,,,SIMPLISTIC,,,,
SENSATIONAL,STRIFE,,,,,,SINFUL,,,,
SENSE,STUBBORN,,,,,,SKETCHY,,,,
SENSIBLE,STUFFY,,,,,,SLEAZY,,,,
SHARE,STUNT,,,,,,SLEEK,,,,
SHREWD,STUPID,,,,,,SLEEPLESS,,,,
SHREWDNESS,STUPIDITY,,,,,,SLOPPY,,,,
SIGNIFICANCE,SUPERFICIAL,,,,,,SLOTHFUL,,,,
SIGNIFICANT,SUPERFICIALITY,,,,,,SLUGGISH,,,,
SIMPLICITY,SUPERSTITION,,,,,,SOBER,,,,
SIMPLIFY,SUPERSTITIOUS,,,,,,SOMBER,,,,
SINCERE,SYMPTOM,,,,,,SORE,,,,
SINCERITY,TEDIOUS,,,,,,SORROWFUL,,,,
SKILL,TEMPTATION,,,,,,SOUR,,,,
SKILLFUL,TERRIBLE,,,,,,SPEEDILY,,,,
SMART,THREAT,,,,,,SPOTLESS,,,,
SMASH,TIMID,,,,,,SPRIGHTLY,,,,
SOCIABLE,TIMIDITY,,,,,,STAGNANT,,,,
SOLACE,TIRESOME,,,,,,STALE,,,,
SOLEMN,TOUCH,,,,,,STATIC,,,,
SOLIDARITY,TOUCHY,,,,,,STATUESQUE,,,,
SOPHISTICATED,TRAGIC,,,,,,STAUNCH,,,,
SOUND,TRAUMA,,,,,,STERN,,,,
SOUNDNESS,TREACHEROUS,,,,,,STORMY,,,,
SPARE,TRICK,,,,,,STRAIGHTFORWARD,,,,
SPECIAL,TROUBLE,,,,,,STRICKEN,,,,
SPECTACULAR,TROUBLESOME,,,,,,STRINGENT,,,,
SPIRITUAL,TURMOIL,,,,,,STUBBORNLY,,,,
SPLENDID,TYRANNY,,,,,,STUDIOUS,,,,
SPLENDOR,UGLY,,,,,,STUPENDOUS,,,,
SPONTANEOUS,UNABLE,,,,,,STYLISH,,,,
SPORT,UNATTRACTIVE,,,,,,SUBLIME,,,,
SPOTLESS,UNAUTHENTIC,,,,,,SULLEN,,,,
STABILITY,UNBELIEVABLE,,,,,,SUMPTUOUS,,,,
STANDARD,UNCHECKED,,,,,,SUPERFLUOUS,,,,
START,UNCLEAN,,,,,,SUPERSTITIOUS,,,,
STATELY,UNCLEAR,,,,,,SWIFTNESS,,,,
STRAIGHT,UNCOUTH,,,,,,,,,,
STRENGTH,UNDEPENDABILITY,,,,,,,,,,
STRENUOUS,UNDEPENDABLE,,,,,,TABOO,,,,
STUPENDOUS,UNDESIRABLE,,,,,,TALENTED,,,,
STYLISH,UNDIGNIFIED,,,,,,TARDY,,,,
SUAVE,UNDUE,,,,,,TEMPERATE,,,,
SUBTLE,UNECONOMICAL,,,,,,TEMPORARILY,,,,
SUFFICIENT,UNEMPLOYED,,,,,,TENACIOUS,,,,
SUIT,UNEMPLOYMENT,,,,,,TENSE,,,,
SUITABLE,UNEXPECTEDLY,,,,,,TERRIFIC,,,,
SUMPTUOUS,UNFAIR,,,,,,THERAPEUTIC,,,,
SUPER,UNFAITHFUL,,,,,,THIRSTY,,,,
SUPERIOR,UNFAMILIAR,,,,,,THORNY,,,,
SUPERIORITY,UNFAVORABLE,,,,,,THOROUGH,,,,
SUPERLATIVE,UNFEELING,,,,,,THOUGHTLESS,,,,
SUPERNATURAL,UNFIT,,,,,,THRIFTY,,,,
SUPPLY,UNFORTUNATE,,,,,,TIRESOME,,,,
SUPPORT,UNFRIENDLY,,,,,,TOPMOST,,,,
SUPREME,UNGRATEFUL,,,,,,TORTUROUS,,,,
SURE,UNIMPORTANT,,,,,,TOUCHY,,,,
SURPLUS,UNJUST,,,,,,TRAGIC,,,,
SURPRISE,UNJUSTIFIED,,,,,,TRAUMATIC,,,,
SWEET,UNKIND,,,,,,TRIUMPHAL,,,,
TACT,UNLUCKY,,,,,,TRIVIAL,,,,
TAKE,UNMITIGATED,,,,,,TRUANT,,,,
TALENT,UNNECESSARY,,,,,,TURBULENT,,,,
TALENTED,UNPLEASANT,,,,,,UNACCUSTOMED,,,,
TASTE,UNPOPULAR,,,,,,UNARM,,,,
TENDERNESS,UNPREDICTABLE,,,,,,UNATTRACTIVE,,,,
TERRIFIC,UNPREPARED,,,,,,UNBOUND,,,,
THOROUGH,UNQUALIFIED,,,,,,UNBROKEN,,,,
THOUGHTFUL,UNREAL,,,,,,UNCIVIL,,,,
THOUGHTFULNESS,UNREALISTIC,,,,,,UNCLEAN,,,,
TOLERANCE,UNRELIABILITY,,,,,,UNDERSTANDABLE,,,,
TOLERANT,UNRELIABLE,,,,,,UNDESIRABLE,,,,
TOLERATION,UNREST,,,,,,UNDIGNIFIED,,,,
TREASURE,UNSATISFACTORY,,,,,,UNEASY,,,,
TREAT,UNSCRUPULOUS,,,,,,UNECONOMICAL,,,,
TREMENDOUS,UNSOUND,,,,,,UNEMPLOYED,,,,
TRUE,UNSOUNDNESS,,,,,,UNFAMILIAR,,,,
TRUST,UNSTABLE,,,,,,UNFEELING,,,,
TRUSTWORTHINESS,UNSUCCESSFUL,,,,,,UNFORESEEN,,,,
TRUSTWORTHY,UNSURE,,,,,,UNFORGETTABLE,,,,
TRUTH,UNSURENESS,,,,,,UNGUARDED,,,,
TRUTHFUL,UNTRUE,,,,,,UNHAPPY,,,,
TYPICAL,UNTRUSTWORTHY,,,,,,UNHEALTHY,,,,
UNBROKEN,UNWISE,,,,,,UNHURRIED,,,,
UNDAUNTED,UNWORTHY,,,,,,UNIMPEACHABLE,,,,
UNDERSTANDABLE,USE,,,,,,UNINFORMED,,,,
UNDOUBTED,USELESS,,,,,,UNJUST,,,,
UNDOUBTEDLY,VAIN,,,,,,UNLAWFUL,,,,
UNIMPEACHABLE,VANITY,,,,,,UNLIKE,,,,
UNITY,VICE,,,,,,UNLIMITED,,,,
UNSELFISH,VICIOUS,,,,,,UNMOVED,,,,
UNTOUCHED,VILE,,,,,,UNNATURAL,,,,
USABLE,VIOLATION,,,,,,UNNOTICED,,,,
USE,VIOLENCE,,,,,,UNOBSERVED,,,,
USEFUL,VIOLENT,,,,,,UNPROFITABLE,,,,
USEFULNESS,VULGAR,,,,,,UNREASONABLE,,,,
VALIANT,VULNERABILITY,,,,,,UNRULY,,,,
VALID,VULNERABLE,,,,,,UNSAFE,,,,
VALIDITY,WASTE,,,,,,UNSCRUPULOUS,,,,
VALOR,WASTEFUL,,,,,,UNSEEN,,,,
VALUABLE,WASTEFULNESS,,,,,,UNSETTLING,,,,
VALUE,WEAKNESS,,,,,,UNSOUND,,,,
VENERABLE,WEAR,,,,,,UNSPEAKABLE,,,,
VERITABLE,WEIRD,,,,,,UNSUCCESSFUL,,,,
VERSATILE,WHIP,,,,,,UNTIMELY,,,,
VERSATILITY,WITHDRAWN,,,,,,UNTOUCHED,,,,
VIABLE,WORN,,,,,,UNTRAINED,,,,
VICTORIOUS,WORSE,,,,,,UNTRUTH,,,,
VIGILANCE,WORST,,,,,,UNWORTHY,,,,
VIGILANT,WORTHLESS,,,,,,UPBEAT,,,,
VIGOR,WOUND,,,,,,UPFRONT,,,,
VIGOROUS,WRETCHEDNESS,,,,,,USABLE,,,,
VIRTUE,WRINKLE,,,,,,UTILITARIAN,,,,
VIRTUOUS,WRONG,,,,,,UTTERMOST,,,,
VITAL,WRONGFUL,,,,,,VALIANT,,,,
VITALITY,WROUGHT,,,,,,VEHEMENT,,,,
VIVACIOUS,,,,,,,VENERABLE,,,,
WARMHEARTED,,,,,,,VENOMOUS,,,,
WEALTHY,,,,,,,VERITABLE,,,,
WELL,,,,,,,VERSATILE,,,,
WHOLESOME,,,,,,,VEXING,,,,
WISDOM,,,,,,,VICTORIOUS,,,,
WISE,,,,,,,VIGILANT,,,,
WIT,,,,,,,VIVACIOUS,,,,
WONDERFUL,,,,,,,VOLATILE,,,,
WORKABLE,,,,,,,VOLUNTARY,,,,
WORTH,,,,,,,VULGAR,,,,
WORTHY,,,,,,,WANTON,,,,
,,,,,,,WARMHEARTED,,,,
,,,,,,,WARY,,,,
,,,,,,,WASTEFUL,,,,
,,,,,,,WAYWARD,,,,
,,,,,,,WEARISOME,,,,
,,,,,,,WEE,,,,
,,,,,,,WEIRD,,,,
,,,,,,,WHIMSICAL,,,,
,,,,,,,WHOLESOME,,,,
,,,,,,,WICKED,,,,
,,,,,,,WILLFUL,,,,
,,,,,,,WILY,,,,
,,,,,,,WITTY,,,,
,,,,,,,WOEFUL,,,,
,,,,,,,WONDERFUL,,,,
,,,,,,,WONDROUS,,,,
,,,,,,,WORTH-WHILE,,,,
,,,,,,,WORTHINESS,,,,
,,,,,,,WRONGFUL,,,,
,,,,,,,WROUGHT,,,,